{
  "IcoMoonType": "selection",
  "icons": [
    {
      "icon": {
        "paths": [
          "M657.143 613.714v62.286c0 80.571-128.571 110.286-209.143 110.286-156.571 0-274.286-119.429-274.286-277.143 0-154.857 116.571-271.429 271.429-271.429 56.571 0 204.571 20 204.571 110.857v62.286c0 5.143-4 9.143-9.143 9.143h-67.429c-5.143 0-9.143-4-9.143-9.143v-40c0-36-69.143-52.571-116-52.571-106.857 0-181.143 77.143-181.143 188 0 114.857 77.714 198.857 185.714 198.857 41.143 0 118.857-15.429 118.857-51.429v-40c0-5.143 4-9.143 8.571-9.143h68c4.571 0 9.143 4 9.143 9.143zM438.857 146.286c-201.714 0-365.714 164-365.714 365.714s164 365.714 365.714 365.714 365.714-164 365.714-365.714-164-365.714-365.714-365.714zM877.714 512c0 242.286-196.571 438.857-438.857 438.857s-438.857-196.571-438.857-438.857 196.571-438.857 438.857-438.857v0c242.286 0 438.857 196.571 438.857 438.857z"
        ],
        "attrs": [
          {}
        ],
        "width": 878,
        "isMulticolor": false,
        "isMulticolor2": false,
        "tags": [
          "copyright"
        ],
        "grid": 14
      },
      "attrs": [
        {}
      ],
      "properties": {
        "order": 1,
        "id": 0,
        "prevSize": 28,
        "code": 59648,
        "name": "copyright"
      },
      "setIdx": 0,
      "setId": 2,
      "iconIdx": 0
    }
  ],
  "height": 1024,
  "metadata": {
    "name": "icomoon"
  },
  "preferences": {
    "showGlyphs": true,
    "showQuickUse": true,
    "showQuickUse2": true,
    "showSVGs": true,
    "fontPref": {
      "prefix": "icon-",
      "metadata": {
        "fontFamily": "icomoon"
      },
      "metrics": {
        "emSize": 1024,
        "baseline": 6.25,
        "whitespace": 50
      },
      "embed": false
    },
    "imagePref": {
      "prefix": "icon-",
      "png": true,
      "useClassSelector": true,
      "color": 0,
      "bgColor": 16777215,
      "classSelector": ".icon"
    },
    "historySize": 50,
    "showCodes": true,
    "gridSize": 16
  }
}